Image,Name,Employee_ID,Position,Department,Email
https://robohash.org/velvoluptaseos.png?size=50x50&set=set1,Philip Bortoloni,8859,Engineering,Baby,pbortoloni0@google.co.uk
https://robohash.org/eligendiperspiciatisillum.png?size=50x50&set=set1,Bidget Hartly,664,Business Development,Toys,bhartly1@sun.com
https://robohash.org/necessitatibusconsequaturlibero.png?size=50x50&set=set1,Marie-jeanne Eadon,802,Legal,Kids,meadon2@gov.uk
https://robohash.org/inciduntnonvero.png?size=50x50&set=set1,Kermie Uvedale,06,Engineering,Garden,kuvedale3@hostgator.com
https://robohash.org/autvoluptatespossimus.png?size=50x50&set=set1,Margeaux Clemes,6,Business Development,Jewelry,mclemes4@toplist.cz
https://robohash.org/velitminimaaut.png?size=50x50&set=set1,Frederigo Tetford,27523,Accounting,Tools,ftetford5@craigslist.org
https://robohash.org/rerumprovidentdolorum.png?size=50x50&set=set1,Ralf Willatt,628,Sales,Games,rwillatt6@twitpic.com
https://robohash.org/autenimea.png?size=50x50&set=set1,Mose Utteridge,2,Product Management,Books,mutteridge7@eepurl.com
https://robohash.org/sitsitpossimus.png?size=50x50&set=set1,Viviana Rowler,936,Business Development,Beauty,vrowler8@weibo.com
https://robohash.org/nullaipsumeum.png?size=50x50&set=set1,Elia Janaszewski,95,Support,Grocery,ejanaszewski9@opensource.org
https://robohash.org/autemsaepesit.png?size=50x50&set=set1,Alysia Lanceley,02265,Sales,Toys,alanceleya@foxnews.com
https://robohash.org/accusamusdoloremquequasi.png?size=50x50&set=set1,Fabio Greenhall,4493,Sales,Outdoors,fgreenhallb@nih.gov
https://robohash.org/quibusdamsintnam.png?size=50x50&set=set1,Daisey McMackin,53360,Accounting,Toys,dmcmackinc@rambler.ru
https://robohash.org/autemfugiatquas.png?size=50x50&set=set1,Joelly Starie,50,Sales,Computers,jstaried@sciencedaily.com
https://robohash.org/commodiutsint.png?size=50x50&set=set1,Kirsti Crotty,720,Sales,Tools,kcrottye@hostgator.com
https://robohash.org/quinisisuscipit.png?size=50x50&set=set1,Mame Comrie,958,Sales,Industrial,mcomrief@nih.gov
https://robohash.org/delenitiexercitationemmolestias.png?size=50x50&set=set1,Dale Wrefford,4172,Research and Development,Health,dwreffordg@deviantart.com
https://robohash.org/autdistinctioconsequuntur.png?size=50x50&set=set1,Giorgio Roney,22,Business Development,Beauty,groneyh@nsw.gov.au
https://robohash.org/quianimirepudiandae.png?size=50x50&set=set1,Legra Probert,01230,Legal,Clothing,lproberti@elpais.com
https://robohash.org/etametin.png?size=50x50&set=set1,Rik Romanelli,6200,Accounting,Automotive,rromanellij@freewebs.com
